<simulation>
    <app type="ControlApp" />
    
    <robot type="QuickBot">
        <supervisor type="week4.QBAvoidSupervisor" />
        <pose x="0" y="0" theta="0.2618" />
    </robot>
    
    <obstacle>
        <pose x="1" y="1.2" theta="0" />
        <geometry>
            <point x="0" y="0" />
            <point x="0.3" y="0" />
            <point x="0.3" y="0.3" />
            <point x="0" y="0.3" />
        </geometry>
    </obstacle>
    
    <obstacle>
        <pose x="-0.5" y="0" theta="0.7854" />
        <geometry>
            <point x="0" y="0" />
            <point x="0.3" y="0" />
            <point x="0.3" y="0.3" />
            <point x="0" y="0.3" />
        </geometry>
    </obstacle>
    
    <obstacle>
        <pose x="0.65" y="0" theta="0.7854" />
        <geometry>
            <point x="0" y="0" />
            <point x="0.3" y="0" />
            <point x="0.3" y="0.3" />
            <point x="0" y="0.3" />
        </geometry>
    </obstacle>
    
    <obstacle>
        <pose x="0.2" y="0.8" theta="0" />
        <geometry>
            <point x="0" y="0" />
            <point x="0.3" y="0" />
            <point x="0.3" y="0.3" />
            <point x="0" y="0.3" />
        </geometry>
    </obstacle>
    
    <obstacle>
        <pose x="-1" y="-1" theta="0" />
        <geometry>
            <point x="0" y="0" />
            <point x="1.5" y="0" />
            <point x="1.5" y="0.3" />
            <point x="0" y="0.3" />
        </geometry>
    </obstacle>
    
    <obstacle>
        <pose x="-1.6" y="-1.5" theta="0" />
        <geometry>
            <point x="0" y="0" />
            <point x="3" y="0" />
            <point x="3" y="0.1" />
            <point x="0" y="0.1" />
        </geometry>
    </obstacle>
    
    <obstacle>
        <pose x="-1.5" y="-1.4" theta="1.5708" />
        <geometry>
            <point x="0" y="0" />
            <point x="3" y="0" />
            <point x="3" y="0.1" />
            <point x="0" y="0.1" />
        </geometry>
    </obstacle>
    
        <obstacle>
        <pose x="1.5" y="-1.5" theta="1.5708" />
        <geometry>
            <point x="0" y="0" />
            <point x="3" y="0" />
            <point x="3" y="0.1" />
            <point x="0" y="0.1" />
        </geometry>
    </obstacle>
    
    <obstacle>
        <pose x="-1.5" y="1.5" theta="0" />
        <geometry>
            <point x="0" y="0" />
            <point x="3" y="0" />
            <point x="3" y="0.1" />
            <point x="0" y="0.1" />
        </geometry>
    </obstacle>
</simulation>
