<?xml version="1.0" ?>
<simulation>
    <robot type="QuickBot">
        <pose theta="0.0" x="-1.0" y="-0.8"/>
        <supervisor type="week5_blending.QBBlendingSupervisor"/>
    </robot>
    <robot type="QuickBot">
        <pose theta="3.14159265359" x="3.0" y="2.8"/>
        <supervisor type="week5_switching.QBSwitchingSupervisor"/>
    </robot>
    <obstacle>
        <pose theta="0" x="1.11213200694" y="0.287867943109"/>
        <geometry>
            <point x="0.0" y="0.0"/>
            <point x="0.212132041071" y="0.212132041071"/>
            <point x="0.0" y="0.424264082142"/>
            <point x="-0.212132041071" y="0.212132041071"/>
        </geometry>
    </obstacle>
    <obstacle>
        <pose theta="0" x="1.30000000412" y="-0.999999996644"/>
        <geometry>
            <point x="0.0" y="0.0"/>
            <point x="0.212132041071" y="0.212132041071"/>
            <point x="0.424264082142" y="-1.11022302463e-16"/>
            <point x="0.212132041071" y="-0.212132041071"/>
        </geometry>
    </obstacle>
    <obstacle>
        <pose theta="0" x="-1.3" y="-0.30000001"/>
        <geometry>
            <point x="0.0" y="0.0"/>
            <point x="1.8" y="0.0"/>
            <point x="1.8" y="0.30000001"/>
            <point x="0.0" y="0.30000001"/>
        </geometry>
    </obstacle>
    <obstacle>
        <pose theta="0" x="-1.3959999" y="-1.3"/>
        <geometry>
            <point x="0.0" y="0.0"/>
            <point x="4.6959996" y="0.0"/>
            <point x="4.6959996" y="0.1"/>
            <point x="0.0" y="0.1"/>
        </geometry>
    </obstacle>
    <obstacle>
        <pose theta="0" x="-1.3039216" y="3.2"/>
        <geometry>
            <point x="0.0" y="0.0"/>
            <point x="4.6039214" y="0.0"/>
            <point x="4.6039214" y="0.1"/>
            <point x="0.0" y="0.1"/>
        </geometry>
    </obstacle>
    <obstacle>
        <pose theta="0" x="-1.4" y="-1.2"/>
        <geometry>
            <point x="0.0" y="0.0"/>
            <point x="0.1" y="0.0"/>
            <point x="0.1" y="4.5021276"/>
            <point x="0.0" y="4.5021276"/>
        </geometry>
    </obstacle>
    <obstacle>
        <pose theta="0" x="3.3" y="-1.3"/>
        <geometry>
            <point x="0.0" y="0.0"/>
            <point x="0.1" y="0.0"/>
            <point x="0.1" y="4.6000004"/>
            <point x="0.0" y="4.6000004"/>
        </geometry>
    </obstacle>
    <obstacle>
        <pose theta="0" x="0.887867943924" y="1.71213200775"/>
        <geometry>
            <point x="0.0" y="0.0"/>
            <point x="-0.212132041071" y="-0.212132041071"/>
            <point x="0.0" y="-0.424264082142"/>
            <point x="0.212132041071" y="-0.212132041071"/>
        </geometry>
    </obstacle>
    <obstacle>
        <pose theta="0" x="1.51213215126" y="3.01213204723"/>
        <geometry>
            <point x="0.0" y="0.0"/>
            <point x="-0.212132041071" y="-0.212132041071"/>
            <point x="-0.424264082142" y="4.4408920985e-16"/>
            <point x="-0.212132041071" y="0.212132041071"/>
        </geometry>
    </obstacle>
    <obstacle>
        <pose theta="0" x="3.3" y="2.3"/>
        <geometry>
            <point x="0.0" y="0.0"/>
            <point x="-1.8" y="0.0"/>
            <point x="-1.8" y="-0.30000001"/>
            <point x="0.0" y="-0.30000001"/>
        </geometry>
    </obstacle>
</simulation>
