<?xml version="1.0" ?>
<simulation>
    <marker color="#c3e325">
        <pose theta="0" x="-0.05877853" y="-0.0809017"/>
        <geometry>
            <point x="0.0" y="0.0"/>
            <point x="0.05877853" y="0.1809017"/>
            <point x="0.11755705" y="0.0"/>
            <point x="-0.03632712" y="0.1118034"/>
            <point x="0.15388418" y="0.1118034"/>
        </geometry>
    </marker>
    <robot type="QuickBot">
        <pose theta="0.0" x="-2.5" y="2.5"/>
        <supervisor type="week7.QBFullSupervisor"/>
    </robot>
<!--    <robot type="Khepera3">
        <pose theta="3.14159265359" x="2.5" y="-2.5"/>
        <supervisor type="K3BlendingSupervisor"/>
    </robot> -->
    <obstacle>
        <pose theta="0" x="-1.0" y="0.89999998"/>
        <geometry>
            <point x="0.0" y="0.0"/>
            <point x="0.30000001" y="0.0"/>
            <point x="0.30000001" y="0.30000001"/>
            <point x="0.0" y="0.30000001"/>
        </geometry>
    </obstacle>
    <obstacle>
        <pose theta="0" x="-2.8" y="-3.0"/>
        <geometry>
            <point x="0.0" y="0.0"/>
            <point x="5.7999997" y="0.0"/>
            <point x="5.7999997" y="0.20000005"/>
            <point x="0.0" y="0.20000005"/>
        </geometry>
    </obstacle>
    <obstacle>
        <pose theta="0" x="-3.0" y="2.8"/>
        <geometry>
            <point x="0.0" y="0.0"/>
            <point x="5.8000002" y="0.0"/>
            <point x="5.8000002" y="0.20032363"/>
            <point x="0.0" y="0.20032363"/>
        </geometry>
    </obstacle>
    <obstacle>
        <pose theta="0" x="-3.0" y="-3.0"/>
        <geometry>
            <point x="0.0" y="0.0"/>
            <point x="0.20032363" y="0.0"/>
            <point x="0.20032363" y="5.8000002"/>
            <point x="0.0" y="5.8000002"/>
        </geometry>
    </obstacle>
    <obstacle>
        <pose theta="0" x="2.7996764" y="-2.8"/>
        <geometry>
            <point x="0.0" y="0.0"/>
            <point x="0.20032363" y="0.0"/>
            <point x="0.20032363" y="5.7999997"/>
            <point x="0.0" y="5.7999997"/>
        </geometry>
    </obstacle>
    <obstacle>
        <pose theta="0" x="-1.6" y="1.3"/>
        <geometry>
            <point x="0.0" y="0.0"/>
            <point x="0.10000002" y="0.0"/>
            <point x="0.10000002" y="1.5"/>
            <point x="0.0" y="1.5"/>
        </geometry>
    </obstacle>
    <obstacle>
        <pose theta="0" x="-2.3" y="-0.6500001"/>
        <geometry>
            <point x="0.0" y="0.0"/>
            <point x="0.10000002" y="0.0"/>
            <point x="0.10000002" y="2.6500001"/>
            <point x="0.0" y="2.6500001"/>
        </geometry>
    </obstacle>
    <obstacle>
        <pose theta="0" x="-1.6" y="0.69999999"/>
        <geometry>
            <point x="0.0" y="0.0"/>
            <point x="0.0" y="-0.10000002"/>
            <point x="1.5" y="-0.10000002"/>
            <point x="1.5" y="0.0"/>
        </geometry>
    </obstacle>
    <obstacle>
        <pose theta="0" x="-1.0" y="1.6"/>
        <geometry>
            <point x="0.0" y="0.0"/>
            <point x="0.0" y="-0.10000002"/>
            <point x="1.5" y="-0.10000002"/>
            <point x="1.5" y="0.0"/>
        </geometry>
    </obstacle>
    <obstacle>
        <pose theta="0" x="-0.5" y="1.6"/>
        <geometry>
            <point x="0.0" y="0.0"/>
            <point x="0.10000002" y="0.0"/>
            <point x="0.10000002" y="0.79999995"/>
            <point x="0.0" y="0.79999995"/>
        </geometry>
    </obstacle>
    <obstacle>
        <pose theta="0" x="2.2" y="-2.2"/>
        <geometry>
            <point x="0.0" y="0.0"/>
            <point x="0.10000002" y="0.0"/>
            <point x="0.10000002" y="2.6500001"/>
            <point x="0.0" y="2.6500001"/>
        </geometry>
    </obstacle>
    <obstacle>
        <pose theta="0" x="1.5" y="-2.8"/>
        <geometry>
            <point x="0.0" y="0.0"/>
            <point x="0.10000002" y="0.0"/>
            <point x="0.10000002" y="1.5"/>
            <point x="0.0" y="1.5"/>
        </geometry>
    </obstacle>
    <obstacle>
        <pose theta="0" x="-1.95" y="-1.4"/>
        <geometry>
            <point x="0.0" y="0.0"/>
            <point x="0.0" y="-0.10000002"/>
            <point x="2.6500001" y="-0.10000002"/>
            <point x="2.6500001" y="0.0"/>
        </geometry>
    </obstacle>
    <obstacle>
        <pose theta="0" x="1.5" y="0.1499999"/>
        <geometry>
            <point x="0.0" y="0.0"/>
            <point x="0.10000002" y="0.0"/>
            <point x="0.10000002" y="2.6500001"/>
            <point x="0.0" y="2.6500001"/>
        </geometry>
    </obstacle>
    <obstacle>
        <pose theta="0" x="-1.9" y="-2.5"/>
        <geometry>
            <point x="0.0" y="0.0"/>
            <point x="0.30000001" y="0.0"/>
            <point x="0.30000001" y="0.30000001"/>
            <point x="0.0" y="0.30000001"/>
        </geometry>
    </obstacle>
    <obstacle>
        <pose theta="0" x="-0.20000002" y="-2.0"/>
        <geometry>
            <point x="0.0" y="0.0"/>
            <point x="0.30000001" y="0.0"/>
            <point x="0.30000001" y="0.30000001"/>
            <point x="0.0" y="0.30000001"/>
        </geometry>
    </obstacle>
    <obstacle>
        <pose theta="0" x="-0.89999998" y="-0.0"/>
        <geometry>
            <point x="0.0" y="0.0"/>
            <point x="-0.10000002" y="0.0"/>
            <point x="-0.10000002" y="-0.80000001"/>
            <point x="0.0" y="-0.80000001"/>
        </geometry>
    </obstacle>
    <obstacle>
        <pose theta="0" x="1.6" y="-0.69999999"/>
        <geometry>
            <point x="0.0" y="0.0"/>
            <point x="0.0" y="0.10000002"/>
            <point x="-0.80000001" y="0.10000002"/>
            <point x="-0.80000001" y="0.0"/>
        </geometry>
    </obstacle>
</simulation>
